dataset,folder,method,keep_frac,n_users,n_items,n_interactions,oss_pct,uss,iss,user_gini,item_gini,coldstart_user,coldstart_user_pct,coldstart_item,coldstart_item_pct,n_interactions_test,uss_test,iss_test
amazon,amazon_dedup_base_split,base_split,,17048,11551,403145,0.2047,23.65,34.9,0.2921,0.4088,0,0.0,0,0.0,16981,1.0,1.47
amazon,amazon_random_keep0.1,random,0.1,17048,11551,31935,0.0162,1.87,2.76,0.3518,0.4225,10172,59.67,4307,37.29,16981,1.0,1.47
amazon,amazon_random_keep0.2,random,0.2,17048,11551,68524,0.0348,4.02,5.93,0.3965,0.4256,3028,17.76,710,6.15,16981,1.0,1.47
amazon,amazon_random_keep0.4,random,0.4,17048,11551,151344,0.0769,8.88,13.1,0.3403,0.4188,106,0.62,19,0.16,16981,1.0,1.47
amazon,amazon_random_keep0.65,random,0.65,17048,11551,256201,0.1301,15.03,22.18,0.3115,0.4126,0,0.0,0,0.0,16981,1.0,1.47
amazon,amazon_random_keep1,random,1.0,17048,11551,403145,0.2047,23.65,34.9,0.2921,0.4088,0,0.0,0,0.0,16981,1.0,1.47
amazon,amazon_head_keep0.1,head,0.1,17048,11551,32225,0.0164,1.89,2.79,0.364,0.3362,10428,61.17,2440,21.12,16981,1.0,1.47
amazon,amazon_tail_keep0.1,tail,0.1,17048,11551,32505,0.0165,1.91,2.81,0.3447,0.5873,9710,56.96,7863,68.07,16981,1.0,1.47
hm,hm_dedup_base_split,base_split,,12905,6654,610674,0.7112,47.32,91.78,0.1708,0.3569,0,0.0,0,0.0,12869,1.0,1.93
hm,hm_random_keep0.05,random,0.05,12905,6654,23024,0.0268,1.78,3.46,0.3078,0.4756,7304,56.6,2276,34.2,12869,1.0,1.93
hm,hm_random_keep0.1,random,0.1,12905,6654,50353,0.0586,3.9,7.57,0.3198,0.4243,1711,13.26,355,5.34,12869,1.0,1.93
hm,hm_random_keep0.2,random,0.2,12905,6654,111963,0.1304,8.68,16.83,0.2517,0.3867,40,0.31,11,0.17,12869,1.0,1.93
hm,hm_random_keep0.35,random,0.35,12905,6654,205386,0.2392,15.92,30.87,0.2132,0.3698,0,0.0,0,0.0,12869,1.0,1.93
hm,hm_random_keep0.5,random,0.5,12905,6654,298894,0.3481,23.16,44.92,0.1955,0.365,0,0.0,0,0.0,12869,1.0,1.93
hm,hm_head_keep0.1,head,0.1,12905,6654,50327,0.0586,3.9,7.56,0.3336,0.2417,1843,14.28,35,0.53,12869,1.0,1.93
hm,hm_tail_keep0.1,tail,0.1,12905,6654,50853,0.0592,3.94,7.64,0.3466,0.8249,2183,16.92,4346,65.31,12869,1.0,1.93
